[{"model": "myApp.education", "pk": 1, "fields": {"title": "Primary Schooling", "institution": "Holy Child Convent High School", "date_range": "UKG - Class 5 (Till 2015)", "description": "Started early education from Holy Child Convent High School from UKG to Class 2. Completed Class 3 from Rastra Pita Mahatma Gandhi Bal Vidyalaya. Then attended Class 4 and 5 at a Government School in my village (Madhya Pradesh).", "order": 1}}, {"model": "myApp.education", "pk": 2, "fields": {"title": "Schooling (Class 6th to 9th)", "institution": "Jawahar Navodaya Vidyalaya", "date_range": "2015 - 2019", "description": "Completed foundational education, focusing on core subjects and overall development.", "order": 2}}, {"model": "myApp.education", "pk": 3, "fields": {"title": "Class 10th (CBSE)", "institution": "Jawahar Navodaya Vidyalaya", "date_range": "2020", "description": "Passed Class 10th with a strong academic record and participation in co-curricular activities.", "order": 3}}, {"model": "myApp.education", "pk": 4, "fields": {"title": "Class 12th (PCM + Computer Science)", "institution": "Jawahar Navodaya Vidyalaya", "date_range": "2022", "description": "Completed Higher Secondary Education with major subjects Physics, Chemistry, Mathematics, and Computer Science.", "order": 4}}, {"model": "myApp.education", "pk": 5, "fields": {"title": "B.Tech in Computer Science & Engineering", "institution": "AKS University", "date_range": "2022 - 2026", "description": "Currently pursuing undergraduate degree, focusing on software engineering, data structures, and emerging technologies.", "order": 5}}, {"model": "myApp.certificate", "pk": 1, "fields": {"title": "Python Bootcamp 2025", "issuer": "Code With Harry", "issued_date": "November 2025", "drive_link": "certificates/Python_from_Scratch_Certificate.pdf", "order": 1}}, {"model": "myApp.certificate", "pk": 2, "fields": {"title": "Data Science and AI", "issuer": "Code With Harry", "issued_date": "October 2025", "drive_link": "certificates/Data_Science_CWH.pdf", "order": 2}}, {"model": "myApp.certificate", "pk": 3, "fields": {"title": "Junior Software Developer", "issuer": "Skill India", "issued_date": "November 2024", "drive_link": "certificates/Junior_Software_Developer_By_Skill_India.jpg", "order": 3}}, {"model": "myApp.certificate", "pk": 4, "fields": {"title": "A Novel Electromagnetic Pulse Repeater Design", "issuer": "IC-ASTSDGs", "issued_date": "March 2024", "drive_link": "certificates/Electromagnetic_Pulse_Repeater.pdf", "order": 4}}, {"model": "myApp.certificate", "pk": 5, "fields": {"title": "Data Science & Analytics", "issuer": "HP Foundation", "issued_date": "October 2024", "drive_link": "certificates/Data_Analytics_by_HP.pdf", "order": 5}}, {"model": "myApp.certificate", "pk": 6, "fields": {"title": "Code Cubicle Hackathon", "issuer": "Geek Room", "issued_date": "September 2024", "drive_link": "certificates/CubicCode.pdf", "order": 6}}, {"model": "myApp.certificate", "pk": 7, "fields": {"title": "ThrillX 1.0 Hackathon", "issuer": "AKS University", "issued_date": "September 2024", "drive_link": "certificates/Thrill-X_By_AKS.pdf", "order": 7}}, {"model": "myApp.project", "pk": 1, "fields": {"slug": "arya-z-tech", "title": "ARYA-Z-TECH", "short_description": "A business website offering website development and deployment services, built using HTML, CSS, JS, Flask, and hosted on Vercel.", "long_description": "ARYA-Z-TECH is a clean business website built to showcase services, highlight credibility, and convert visitors into leads. It focuses on performance, strong CTAs, and a professional look.", "tech_stack": ["HTML", "CSS", "JavaScript", "Flask"], "highlights": ["Responsive layout", "Service-focused landing pages", "Deployed on Vercel"], "image": "", "source_code_zip": "", "image_path": "images/projects/arya-z-tech.png", "demo_url": "https://aryaztech.vercel.app/", "source_code_price_inr": 1499, "is_featured": true, "order": 1}}, {"model": "myApp.project", "pk": 2, "fields": {"slug": "old-portfolio", "title": "Old Portfolio", "short_description": "This was my earlier portfolio showcasing my journey, skills, and work using simple HTML, CSS, and Bootstrap layout.", "long_description": "This portfolio was my first polished personal site. It focuses on clarity, quick navigation, and a simple layout to highlight projects, skills, and contact details.", "tech_stack": ["HTML", "CSS", "Bootstrap"], "highlights": ["Simple and clean layout", "Fast load times", "Mobile-friendly"], "image": "", "source_code_zip": "", "image_path": "images/projects/portfolio.png", "demo_url": "https://ayushpatelportfolio.netlify.app/", "source_code_price_inr": 999, "is_featured": true, "order": 2}}, {"model": "myApp.project", "pk": 3, "fields": {"slug": "school-management-system", "title": "School Management System", "short_description": "A complete Django-based school system to manage students, teachers, attendance, admissions, fees, and more.", "long_description": "A full-featured school management system that handles admissions, attendance, fees, and reporting. It includes admin dashboards, role-based access, and data exports.", "tech_stack": ["Django", "Python", "SQLite", "HTML", "CSS"], "highlights": ["Admin dashboards", "Attendance and fee tracking", "Role-based access"], "image": "", "source_code_zip": "", "image_path": "images/projects/school.png", "demo_url": "https://example.com", "source_code_price_inr": 2999, "is_featured": true, "order": 3}}, {"model": "myApp.project", "pk": 4, "fields": {"slug": "new-portfolio", "title": "New Portfolio", "short_description": "This portfolio you're viewing now, crafted with advanced UI, modern effects, Swiper slider, and highly optimized sections.", "long_description": "My latest portfolio with modern UI effects, animated sections, sliders, and a clean layout. It is designed to be bold, readable, and easy to navigate.", "tech_stack": ["Django", "HTML", "CSS", "JavaScript", "Swiper"], "highlights": ["Modern UI effects", "Responsive sections", "Optimized performance"], "image": "", "source_code_zip": "", "image_path": "images/projects/new-portfolio.png", "demo_url": "https://example.com", "source_code_price_inr": 1999, "is_featured": true, "order": 4}}, {"model": "myApp.project", "pk": 6, "fields": {"slug": "agro-trade-portal", "title": "Agro Trade Portal", "short_description": "A Shop Management System website for a shop which automates the task of shopkeeper, built using HTML, CSS, JS, Django, and deployed.", "long_description": "A custom-built digital solution that transformed a local agricultural supplies shop from manual paper records to automated operations. The system manages inventory, customer data, credit tracking (Udhar), and billing with advanced filtering by payment status, customer details, and purchase history. Built with PHP & MySQL, it reduced operational time by 70%, eliminated billing errors, and improved cash flow management through systematic credit tracking.", "tech_stack": ["HTML", "CSS", "JavaScript", "Django", "Python", "SQL"], "highlights": ["Responsive layout", "Service-focused landing pages", "Deployed on PythonAnyWhere"], "image": "projects/agrotrade.png", "source_code_zip": "project_zips/Agro-Trade-Digital-Portal-01-main.zip", "image_path": "", "demo_url": "https://ayushcodespy01.pythonanywhere.com/", "source_code_price_inr": 1, "is_featured": true, "order": 1}}, {"model": "contenttypes.contenttype", "fields": {"app_label": "myApp", "model": "education"}}, {"model": "contenttypes.contenttype", "fields": {"app_label": "myApp", "model": "certificate"}}, {"model": "contenttypes.contenttype", "fields": {"app_label": "myApp", "model": "project"}}, {"model": "contenttypes.contenttype", "fields": {"app_label": "admin", "model": "logentry"}}, {"model": "contenttypes.contenttype", "fields": {"app_label": "auth", "model": "permission"}}, {"model": "contenttypes.contenttype", "fields": {"app_label": "auth", "model": "group"}}, {"model": "contenttypes.contenttype", "fields": {"app_label": "auth", "model": "user"}}, {"model": "contenttypes.contenttype", "fields": {"app_label": "contenttypes", "model": "contenttype"}}, {"model": "contenttypes.contenttype", "fields": {"app_label": "sessions", "model": "session"}}, {"model": "sessions.session", "pk": "39kbuwhccwicz17cgl2gppz6y7txiy3a", "fields": {"session_data": ".eJxVjEEOwiAQAP-yZ0NaCiz06N03kAUWqRpISnsy_t006UGvM5N5g6d9K37vvPolwQwjXH5ZoPjkeoj0oHpvIra6rUsQRyJO28WtJX5dz_ZvUKgXmCFwHoJFqXKKkYxEq4n1pKNFnozKIbJDy9k6hYgGRzRpklbi4DQjOfh8AfgBN6s:1vp9QX:heY3ESxd0tNM4y8Vad4GDbpw0SuDcNhRfCmdv-cDVOI", "expire_date": "2026-02-22T18:22:33.095Z"}}, {"model": "auth.permission", "fields": {"name": "Can add education", "content_type": ["myApp", "education"], "codename": "add_education"}}, {"model": "auth.permission", "fields": {"name": "Can change education", "content_type": ["myApp", "education"], "codename": "change_education"}}, {"model": "auth.permission", "fields": {"name": "Can delete education", "content_type": ["myApp", "education"], "codename": "delete_education"}}, {"model": "auth.permission", "fields": {"name": "Can view education", "content_type": ["myApp", "education"], "codename": "view_education"}}, {"model": "auth.permission", "fields": {"name": "Can add certificate", "content_type": ["myApp", "certificate"], "codename": "add_certificate"}}, {"model": "auth.permission", "fields": {"name": "Can change certificate", "content_type": ["myApp", "certificate"], "codename": "change_certificate"}}, {"model": "auth.permission", "fields": {"name": "Can delete certificate", "content_type": ["myApp", "certificate"], "codename": "delete_certificate"}}, {"model": "auth.permission", "fields": {"name": "Can view certificate", "content_type": ["myApp", "certificate"], "codename": "view_certificate"}}, {"model": "auth.permission", "fields": {"name": "Can add project", "content_type": ["myApp", "project"], "codename": "add_project"}}, {"model": "auth.permission", "fields": {"name": "Can change project", "content_type": ["myApp", "project"], "codename": "change_project"}}, {"model": "auth.permission", "fields": {"name": "Can delete project", "content_type": ["myApp", "project"], "codename": "delete_project"}}, {"model": "auth.permission", "fields": {"name": "Can view project", "content_type": ["myApp", "project"], "codename": "view_project"}}, {"model": "auth.permission", "fields": {"name": "Can add log entry", "content_type": ["admin", "logentry"], "codename": "add_logentry"}}, {"model": "auth.permission", "fields": {"name": "Can change log entry", "content_type": ["admin", "logentry"], "codename": "change_logentry"}}, {"model": "auth.permission", "fields": {"name": "Can delete log entry", "content_type": ["admin", "logentry"], "codename": "delete_logentry"}}, {"model": "auth.permission", "fields": {"name": "Can view log entry", "content_type": ["admin", "logentry"], "codename": "view_logentry"}}, {"model": "auth.permission", "fields": {"name": "Can add permission", "content_type": ["auth", "permission"], "codename": "add_permission"}}, {"model": "auth.permission", "fields": {"name": "Can change permission", "content_type": ["auth", "permission"], "codename": "change_permission"}}, {"model": "auth.permission", "fields": {"name": "Can delete permission", "content_type": ["auth", "permission"], "codename": "delete_permission"}}, {"model": "auth.permission", "fields": {"name": "Can view permission", "content_type": ["auth", "permission"], "codename": "view_permission"}}, {"model": "auth.permission", "fields": {"name": "Can add group", "content_type": ["auth", "group"], "codename": "add_group"}}, {"model": "auth.permission", "fields": {"name": "Can change group", "content_type": ["auth", "group"], "codename": "change_group"}}, {"model": "auth.permission", "fields": {"name": "Can delete group", "content_type": ["auth", "group"], "codename": "delete_group"}}, {"model": "auth.permission", "fields": {"name": "Can view group", "content_type": ["auth", "group"], "codename": "view_group"}}, {"model": "auth.permission", "fields": {"name": "Can add user", "content_type": ["auth", "user"], "codename": "add_user"}}, {"model": "auth.permission", "fields": {"name": "Can change user", "content_type": ["auth", "user"], "codename": "change_user"}}, {"model": "auth.permission", "fields": {"name": "Can delete user", "content_type": ["auth", "user"], "codename": "delete_user"}}, {"model": "auth.permission", "fields": {"name": "Can view user", "content_type": ["auth", "user"], "codename": "view_user"}}, {"model": "auth.permission", "fields": {"name": "Can add content type", "content_type": ["contenttypes", "contenttype"], "codename": "add_contenttype"}}, {"model": "auth.permission", "fields": {"name": "Can change content type", "content_type": ["contenttypes", "contenttype"], "codename": "change_contenttype"}}, {"model": "auth.permission", "fields": {"name": "Can delete content type", "content_type": ["contenttypes", "contenttype"], "codename": "delete_contenttype"}}, {"model": "auth.permission", "fields": {"name": "Can view content type", "content_type": ["contenttypes", "contenttype"], "codename": "view_contenttype"}}, {"model": "auth.permission", "fields": {"name": "Can add session", "content_type": ["sessions", "session"], "codename": "add_session"}}, {"model": "auth.permission", "fields": {"name": "Can change session", "content_type": ["sessions", "session"], "codename": "change_session"}}, {"model": "auth.permission", "fields": {"name": "Can delete session", "content_type": ["sessions", "session"], "codename": "delete_session"}}, {"model": "auth.permission", "fields": {"name": "Can view session", "content_type": ["sessions", "session"], "codename": "view_session"}}, {"model": "auth.user", "fields": {"password": "pbkdf2_sha256$1000000$ar0jGNlnfWAUfZwSVXY6Ys$tfwbg+IYaUwDOwsSQLGg20Wpj0AorsRto+dDCXi/TRI=", "last_login": "2026-02-08T18:22:33.090Z", "is_superuser": true, "username": "ayushcodespy", "first_name": "", "last_name": "", "email": "ayush.jnv54@gmail.com", "is_staff": true, "is_active": true, "date_joined": "2026-02-08T18:21:43.748Z", "groups": [], "user_permissions": []}}, {"model": "admin.logentry", "pk": 1, "fields": {"action_time": "2026-02-08T18:33:34.286Z", "user": ["ayushcodespy"], "content_type": ["myApp", "project"], "object_id": "1", "object_repr": "ARYA-Z-TECH", "action_flag": 1, "change_message": "[{\"added\": {}}]"}}, {"model": "admin.logentry", "pk": 2, "fields": {"action_time": "2026-02-08T19:00:20.523Z", "user": ["ayushcodespy"], "content_type": ["myApp", "project"], "object_id": "5", "object_repr": "Ayush Rana", "action_flag": 1, "change_message": "[{\"added\": {}}]"}}, {"model": "admin.logentry", "pk": 3, "fields": {"action_time": "2026-02-08T19:13:04.672Z", "user": ["ayushcodespy"], "content_type": ["myApp", "project"], "object_id": "5", "object_repr": "Ayush Rana", "action_flag": 2, "change_message": "[{\"changed\": {\"fields\": [\"Is featured\"]}}]"}}, {"model": "admin.logentry", "pk": 4, "fields": {"action_time": "2026-02-08T19:14:11.209Z", "user": ["ayushcodespy"], "content_type": ["myApp", "project"], "object_id": "5", "object_repr": "Ayush Rana", "action_flag": 3, "change_message": ""}}, {"model": "admin.logentry", "pk": 5, "fields": {"action_time": "2026-02-08T19:26:08.643Z", "user": ["ayushcodespy"], "content_type": ["myApp", "project"], "object_id": "6", "object_repr": "Agro Trade Portal", "action_flag": 1, "change_message": "[{\"added\": {}}]"}}, {"model": "admin.logentry", "pk": 6, "fields": {"action_time": "2026-02-08T20:02:05.472Z", "user": ["ayushcodespy"], "content_type": ["myApp", "project"], "object_id": "7", "object_repr": "Agro Trade Portal", "action_flag": 1, "change_message": "[{\"added\": {}}]"}}, {"model": "admin.logentry", "pk": 7, "fields": {"action_time": "2026-02-08T20:04:21.126Z", "user": ["ayushcodespy"], "content_type": ["myApp", "project"], "object_id": "7", "object_repr": "Agro Trade Portal", "action_flag": 3, "change_message": ""}}, {"model": "admin.logentry", "pk": 8, "fields": {"action_time": "2026-02-08T20:06:08.221Z", "user": ["ayushcodespy"], "content_type": ["myApp", "project"], "object_id": "6", "object_repr": "Agro Trade Portal", "action_flag": 2, "change_message": "[{\"changed\": {\"fields\": [\"Long description\"]}}]"}}, {"model": "admin.logentry", "pk": 9, "fields": {"action_time": "2026-02-08T20:10:43.360Z", "user": ["ayushcodespy"], "content_type": ["myApp", "project"], "object_id": "6", "object_repr": "Agro Trade Portal", "action_flag": 2, "change_message": "[{\"changed\": {\"fields\": [\"Source code zip\"]}}]"}}, {"model": "admin.logentry", "pk": 10, "fields": {"action_time": "2026-02-08T20:25:00.667Z", "user": ["ayushcodespy"], "content_type": ["myApp", "project"], "object_id": "6", "object_repr": "Agro Trade Portal", "action_flag": 2, "change_message": "[{\"changed\": {\"fields\": [\"Source code price inr\"]}}]"}}]